Title,Media URL,Pinterest board,Thumbnail,Link,Publish date,Description,Keywords
Title,https://res.cloudinary.com/dt5lfrywq/image/upload/v1755351191/pin_1_1_o5wxw7.webp,please-provide-the-title-and-keywords-i-need-that-information-to-suggest-a-board-name-once,,https://lildutchuncle.com/diy-halloween-candles/?utm_source=pinterest&utm_campaign=title,2025-08-16,Description,Keywords
Spooky DIY Halloween Candles!,https://res.cloudinary.com/dt5lfrywq/image/upload/v1755351197/pin_1_2_z5nh1f.webp,halloween-candle-ideas,,https://lildutchuncle.com/diy-halloween-candles/?utm_source=pinterest&utm_campaign=spooky-diy-halloween,2025-08-16,Transform your home into a haunted haven with these easy DIY Halloween candles! This tutorial shows you how to create eerie,atmospheric candles using simple materials. From dripping wax effects to spooky silhouettes
Creepy Candle Silhouettes,https://res.cloudinary.com/dt5lfrywq/image/upload/v1755351204/pin_1_3_ljuld8.webp,halloween-ideas,,https://lildutchuncle.com/diy-halloween-candles/?utm_source=pinterest&utm_campaign=creepy-candle-silhou,2025-08-16,Add a touch of gothic charm to your Halloween decor with these stunning silhouette candles! We'll guide you through creating spooky shapes like bats,ghosts
Easy Halloween Candle Hacks,https://res.cloudinary.com/dt5lfrywq/image/upload/v1755351211/pin_1_4_es26aw.webp,halloween-crafts-ideas,,https://lildutchuncle.com/diy-halloween-candles/?utm_source=pinterest&utm_campaign=easy-halloween-candl,2025-08-16,Looking for quick & easy Halloween decor? These candle hacks will transform plain candles into spooky masterpieces in minutes! We share clever tips and tricks for adding color,texture
Pumpkin Spice Scented Candles,https://res.cloudinary.com/dt5lfrywq/image/upload/v1755351219/pin_1_5_v9uagj.webp,fall-candles-ideas,,https://lildutchuncle.com/diy-halloween-candles/?utm_source=pinterest&utm_campaign=pumpkin-spice-scente,2025-08-16,Embrace the fall season with these pumpkin spice scented Halloween candles!  Not only do they *look* festive,but they smell amazing too!  We'll show you how to infuse your candles with warm
Ghostly White Halloween Candles,https://res.cloudinary.com/dt5lfrywq/image/upload/v1755351227/pin_1_6_ttgcss.webp,halloween-decor-ideas,,https://lildutchuncle.com/diy-halloween-candles/?utm_source=pinterest&utm_campaign=ghostly-white-hallow,2025-08-16,Create an ethereal and spooky atmosphere with these ghostly white Halloween candles!  We'll show you how to achieve a perfectly pale and haunting look.  These candles are perfect for a minimalist Halloween aesthetic or for adding a subtle touch of spookiness.  They're elegant,eerie
Floating Halloween Candles,https://res.cloudinary.com/dt5lfrywq/image/upload/v1755351234/pin_1_7_r0odxa.webp,halloween-decor-ideas,,https://lildutchuncle.com/diy-halloween-candles/?utm_source=pinterest&utm_campaign=floating-halloween-c,2025-08-16,Create a magical and eerie ambiance with these floating Halloween candles!  This tutorial shows you how to safely create the illusion of floating candles,perfect for a spooky centerpiece.  Imagine the enchanting glow these will cast on your Halloween table.  It's a show-stopping effect that will impress your guests!  Click to learn how to make these mesmerizing candles. #FloatingCandles #HalloweenCenterpiece #MagicalDecor #SpookyAmbiance
Skull & Crossbones Candles,https://res.cloudinary.com/dt5lfrywq/image/upload/v1755351242/pin_1_8_mt4dt3.webp,gothic-inspiration,,https://lildutchuncle.com/diy-halloween-candles/?utm_source=pinterest&utm_campaign=skull-crossbones-can,2025-08-16,Raise the stakes with these skull & crossbones Halloween candles!  This tutorial shows you how to create a bold and dramatic statement piece for your Halloween decor.  Perfect for pirates,rebels
Witch's Brew Candle Design,https://res.cloudinary.com/dt5lfrywq/image/upload/v1755351249/pin_1_9_kgahli.webp,witchy-decor-ideas,,https://lildutchuncle.com/diy-halloween-candles/?utm_source=pinterest&utm_campaign=witchs-brew-candle-d,2025-08-16,Conjure up some magic with these witch's brew inspired Halloween candles!  We'll show you how to create a bubbling,potion-like effect using different colored waxes.  Perfect for witchy vibes and those who love a touch of enchantment.  Let your imagination run wild!  Click to learn how to make these spellbinding candles. #WitchyDecor #PotionCandles #HalloweenMagic #EnchantingDecor
Glow-in-the-Dark Halloween Candles,https://res.cloudinary.com/dt5lfrywq/image/upload/v1755351255/pin_1_10_zxfzaz.webp,halloween-decor-ideas,,https://lildutchuncle.com/diy-halloween-candles/?utm_source=pinterest&utm_campaign=glow-in-the-dark-hal,2025-08-16,Light up the night with these glow-in-the-dark Halloween candles!  This tutorial shows you how to add a spooky glow to your candles,perfect for trick-or-treaters and nighttime festivities.  It's a fun and easy project that adds an extra layer of excitement.  Prepare to be amazed by the eerie glow!  Click to learn how to make these illuminating candles. #GlowInTheDark #HalloweenLights #NighttimeDecor #SpookyGlow
Frankenstein Inspired Candles,https://res.cloudinary.com/dt5lfrywq/image/upload/v1755351262/pin_1_11_hxezes.webp,halloween-decor-ideas,,https://lildutchuncle.com/diy-halloween-candles/?utm_source=pinterest&utm_campaign=frankenstein-inspire,2025-08-16,Bring the monster to life with these Frankenstein inspired Halloween candles! This tutorial shows you how to create a textured and stitched-together effect,reminiscent of the iconic monster. It's a fun and creative project for horror fans. Click to learn how to make these monstrous candles. #Frankenstein #MonsterDecor #HorrorCandles #HalloweenCharacters
Title,https://res.cloudinary.com/dt5lfrywq/image/upload/v1755351304/pin_2_1_o64n0v.webp,please-provide-the-title-and-keywords-i-need-that-information-to-suggest-a-board-name-once,,https://lildutchuncle.com/halloween-yard-decorations-ideas/?utm_source=pinterest&utm_campaign=title,2025-08-16,Description,Keywords
Spooky Halloween Yard: DIY Ideas!,https://res.cloudinary.com/dt5lfrywq/image/upload/v1755351311/pin_2_2_ckxojt.webp,halloween-yard-ideas,,https://lildutchuncle.com/halloween-yard-decorations-ideas/?utm_source=pinterest&utm_campaign=spooky-halloween-yar,2025-08-16,Transform your yard into a Halloween haven! This blog post is packed with creative & affordable DIY Halloween yard decorations. From ghostly figures to eerie lighting,we've got ideas for every scare level.  Don't let your house be the only one on the block *not* screaming with spooky fun! Click to learn how to create a memorable Halloween experience for trick-or-treaters and neighbors.  Get inspired and start crafting your frightful display today!  We even include budget-friendly options.  Ready to spookify?  #HalloweenDecor #YardDecor #DIYHalloween #SpookyYard
Halloween Yard Decor on a Budget,https://res.cloudinary.com/dt5lfrywq/image/upload/v1755351319/pin_2_3_tvk7ld.webp,halloween-decor-ideas,,https://lildutchuncle.com/halloween-yard-decorations-ideas/?utm_source=pinterest&utm_campaign=halloween-yard-decor,2025-08-16,Don't break the bank this Halloween! Discover amazing Halloween yard decorations that won't empty your wallet. We share clever DIY projects using materials you likely already have,plus affordable store-bought options.  Imagine the delighted screams of kids as they approach your spooky
Creepy Cemetery Scene - DIY Guide,https://res.cloudinary.com/dt5lfrywq/image/upload/v1755351325/pin_2_4_qgxmej.webp,halloween-ideas,,https://lildutchuncle.com/halloween-yard-decorations-ideas/?utm_source=pinterest&utm_campaign=creepy-cemetery-scen,2025-08-16,Create a hauntingly beautiful cemetery scene in your front yard! This guide provides step-by-step instructions for building tombstones,adding eerie fog
Ghostly Figures: Easy Halloween Decor,https://res.cloudinary.com/dt5lfrywq/image/upload/v1755351333/pin_2_5_cawsy4.webp,halloween-decor-ideas,,https://lildutchuncle.com/halloween-yard-decorations-ideas/?utm_source=pinterest&utm_campaign=ghostly-figures-easy,2025-08-16,Add instant spookiness with easy-to-make ghostly figures!  We show you how to create floating ghosts,creepy silhouettes
Spooky Lighting Ideas for Halloween,https://res.cloudinary.com/dt5lfrywq/image/upload/v1755351340/pin_2_6_qimmw0.webp,halloween-lighting-ideas,,https://lildutchuncle.com/halloween-yard-decorations-ideas/?utm_source=pinterest&utm_campaign=spooky-lighting-idea,2025-08-16,Transform your yard with the power of spooky lighting!  From eerie spotlights to glowing pumpkins,we share creative lighting ideas to set the perfect Halloween mood.  Imagine the dramatic effect of shadows dancing across your lawn.  Click to learn how to illuminate your yard for a truly unforgettable Halloween night.  Don't let your decorations fade into the darkness! #HalloweenLighting #SpookyLights #YardLighting #HalloweenAmbiance
DIY Halloween Spiderweb Decorations,https://res.cloudinary.com/dt5lfrywq/image/upload/v1755351346/pin_2_7_qpn5gb.webp,halloween-decor-ideas,,https://lildutchuncle.com/halloween-yard-decorations-ideas/?utm_source=pinterest&utm_campaign=diy-halloween-spider,2025-08-16,Create a creepy crawly atmosphere with DIY spiderweb decorations!  We show you how to make realistic spiderwebs using various materials,from yarn to cotton.  Imagine the surprise (and maybe a little fright!) when guests encounter your web-covered yard.  Click to learn how to spin a web of terror!  It's a fun and affordable project for the whole family. #SpiderwebDecor #HalloweenSpiders #SpookySpiders #DIYSpiderwebs
Pumpkin Patch in Your Front Yard,https://res.cloudinary.com/dt5lfrywq/image/upload/v1755351353/pin_2_8_qhkms9.webp,fall-decor-ideas,,https://lildutchuncle.com/halloween-yard-decorations-ideas/?utm_source=pinterest&utm_campaign=pumpkin-patch-in-you,2025-08-16,Bring the charm of a pumpkin patch to your own front yard!  We share ideas for creating a festive pumpkin display,from classic arrangements to creative pumpkin characters.  Imagine the joy on children's faces as they explore your mini pumpkin patch.  Click to learn how to create a heartwarming Halloween scene.  #PumpkinDecor #HalloweenPumpkins #PumpkinPatch #FallDecor
Eerie Fog Effects for Halloween,https://res.cloudinary.com/dt5lfrywq/image/upload/v1755351360/pin_2_9_tdwoba.webp,halloween-decor-ideas,,https://lildutchuncle.com/halloween-yard-decorations-ideas/?utm_source=pinterest&utm_campaign=eerie-fog-effects-fo,2025-08-16,Master the art of eerie fog effects!  We share tips and tricks for creating a spooky fog-filled yard,using fog machines and other techniques.  Imagine the mysterious atmosphere as fog rolls across your lawn.  Click to learn how to create a truly immersive Halloween experience.  Prepare to be spooked! #FogMachine #HalloweenFog #SpookyFog #AtmosphericDecor
Scarecrow Decor: Friendly or Frightful?,https://res.cloudinary.com/dt5lfrywq/image/upload/v1755351368/pin_2_10_tzw3vj.webp,halloween-decor-ideas,,https://lildutchuncle.com/halloween-yard-decorations-ideas/?utm_source=pinterest&utm_campaign=scarecrow-decor-frie,2025-08-16,Create a scarecrow that's either charming or chilling!  We share ideas for building and decorating scarecrows,from traditional designs to spooky variations.  Imagine the welcoming (or terrifying!) presence of a scarecrow in your yard.  Click to learn how to build a scarecrow that fits your Halloween style. #ScarecrowDecor #HalloweenScarecrow #FallScarecrow #YardArt
Haunted House Facade - DIY Guide,https://res.cloudinary.com/dt5lfrywq/image/upload/v1755351375/pin_2_11_rbuz3t.webp,halloween-ideas,,https://lildutchuncle.com/halloween-yard-decorations-ideas/?utm_source=pinterest&utm_campaign=haunted-house-facade,2025-08-16,Transform your house into a haunted mansion!  This guide provides ideas for creating a spooky facade,using props
Witch-Themed Yard Decorations,https://res.cloudinary.com/dt5lfrywq/image/upload/v1755351383/pin_2_12_mxio42.webp,halloween-decor-ideas,,https://lildutchuncle.com/halloween-yard-decorations-ideas/?utm_source=pinterest&utm_campaign=witch-themed-yard-de,2025-08-16,Embrace the magic of Halloween with witch-themed yard decorations!  We share ideas for creating a witch's lair,complete with cauldrons
DIY Tombstones: Easy & Affordable,https://res.cloudinary.com/dt5lfrywq/image/upload/v1755351391/pin_2_13_tvabin.webp,halloween-ideas,,https://lildutchuncle.com/halloween-yard-decorations-ideas/?utm_source=pinterest&utm_campaign=diy-tombstones-easy-,2025-08-16,Build realistic tombstones without breaking the bank!  We share easy-to-follow instructions for creating tombstones using foam,cardboard
Spooky Silhouettes for Halloween,https://res.cloudinary.com/dt5lfrywq/image/upload/v1755351397/pin_2_14_rjjcor.webp,halloween-ideas,,https://lildutchuncle.com/halloween-yard-decorations-ideas/?utm_source=pinterest&utm_campaign=spooky-silhouettes-f,2025-08-16,Create dramatic silhouettes that will send shivers down spines!  We share ideas for creating spooky silhouettes of bats,ghosts
Creepy Crawly Insect Decorations,https://res.cloudinary.com/dt5lfrywq/image/upload/v1755351404/pin_2_15_fojyjk.webp,halloween-decor-ideas,,https://lildutchuncle.com/halloween-yard-decorations-ideas/?utm_source=pinterest&utm_campaign=creepy-crawly-insect,2025-08-16,Add a touch of creepiness with insect decorations!  We share ideas for creating giant spiders,creepy caterpillars
DIY Halloween Yard Signs,https://res.cloudinary.com/dt5lfrywq/image/upload/v1755351412/pin_2_16_pmwyik.webp,halloween-decor-ideas,,https://lildutchuncle.com/halloween-yard-decorations-ideas/?utm_source=pinterest&utm_campaign=diy-halloween-yard-s,2025-08-16,Personalize your Halloween display with DIY yard signs!  We share ideas for creating spooky messages,warnings
Ghoulish Garden Decorations,https://res.cloudinary.com/dt5lfrywq/image/upload/v1755351419/pin_2_17_phigos.webp,halloween-decor-ideas,,https://lildutchuncle.com/halloween-yard-decorations-ideas/?utm_source=pinterest&utm_campaign=ghoulish-garden-deco,2025-08-16,Transform your garden into a ghoulish wonderland!  We share ideas for decorating your garden with spooky props,eerie lighting
Spooky Tree Decorations for Halloween,https://res.cloudinary.com/dt5lfrywq/image/upload/v1755351427/pin_2_18_jxcfuu.webp,halloween-decor-ideas,,https://lildutchuncle.com/halloween-yard-decorations-ideas/?utm_source=pinterest&utm_campaign=spooky-tree-decorati,2025-08-16,Transform your trees into spooky spectacles!  We share ideas for decorating your trees with ghosts,bats
DIY Halloween Pathway Lighting,https://res.cloudinary.com/dt5lfrywq/image/upload/v1755351434/pin_2_19_orcnmc.webp,halloween-decor-ideas,,https://lildutchuncle.com/halloween-yard-decorations-ideas/?utm_source=pinterest&utm_campaign=diy-halloween-pathwa,2025-08-16,Guide trick-or-treaters with spooky pathway lighting!  We share ideas for creating illuminated pathways using lanterns,candles
Monster-Themed Yard Decorations,https://res.cloudinary.com/dt5lfrywq/image/upload/v1755351444/pin_2_20_zkx8q2.webp,halloween-decor-ideas,,https://lildutchuncle.com/halloween-yard-decorations-ideas/?utm_source=pinterest&utm_campaign=monster-themed-yard-,2025-08-16,Unleash the monsters! We share ideas for creating a monster-themed yard display,complete with creepy creatures and spooky props. Imagine the frightful fun as guests encounter your monstrous creations. Click to learn how to build a yard full of monsters! #MonsterDecor #HalloweenMonsters #SpookyMonsters #MonsterYard
Spooky Fabric Draping Ideas,https://res.cloudinary.com/dt5lfrywq/image/upload/v1755351451/pin_2_21_fr6zjf.webp,halloween-decor-ideas,,https://lildutchuncle.com/halloween-yard-decorations-ideas/?utm_source=pinterest&utm_campaign=spooky-fabric-drapin,2025-08-16,Add instant spookiness with fabric draping! We share ideas for using cheesecloth,gauze
Creepy Doll Decorations for Halloween,https://res.cloudinary.com/dt5lfrywq/image/upload/v1755351458/pin_2_22_qmshx6.webp,halloween-decor-ideas,,https://lildutchuncle.com/halloween-yard-decorations-ideas/?utm_source=pinterest&utm_campaign=creepy-doll-decorati,2025-08-16,Add a touch of unsettling creepiness with doll decorations! We share ideas for displaying vintage dolls,creating creepy doll scenes
Outdoor Halloween Projector Ideas,https://res.cloudinary.com/dt5lfrywq/image/upload/v1755351465/pin_2_23_xswkle.webp,halloween-decor-ideas,,https://lildutchuncle.com/halloween-yard-decorations-ideas/?utm_source=pinterest&utm_campaign=outdoor-halloween-pr,2025-08-16,Transform your house with outdoor Halloween projectors! We share ideas for projecting spooky images and animations onto your home. Imagine the dramatic effect of ghosts,monsters
Spooky Sound Effects for Halloween,https://res.cloudinary.com/dt5lfrywq/image/upload/v1755351473/pin_2_24_ltr9uj.webp,halloween-ideas,,https://lildutchuncle.com/halloween-yard-decorations-ideas/?utm_source=pinterest&utm_campaign=spooky-sound-effects,2025-08-16,Enhance your Halloween display with spooky sound effects! We share ideas for creating a chilling atmosphere using sound machines,speakers
Title,https://res.cloudinary.com/dt5lfrywq/image/upload/v1755351515/pin_3_1_qssmgr.webp,please-provide-the-title-and-keywords-i-need-that-information-to-suggest-a-board-name-once,,https://lildutchuncle.com/halloween-garland-ideas/?utm_source=pinterest&utm_campaign=title,2025-08-16,Description,Keywords
Spooky Cute Halloween Garland DIY,https://res.cloudinary.com/dt5lfrywq/image/upload/v1755351521/pin_3_2_vzfe4e.webp,halloween-crafts-ideas,,https://lildutchuncle.com/halloween-garland-ideas/?utm_source=pinterest&utm_campaign=spooky-cute-hallowee,2025-08-16,Transform your home into a Halloween haven with these easy & adorable garland ideas! From friendly ghosts to playful pumpkins,find the perfect DIY project to add a touch of magic. This post has free templates & step-by-step instructions
Pumpkin Spice & Everything Nice Garland,https://res.cloudinary.com/dt5lfrywq/image/upload/v1755351528/pin_3_3_kj3f6m.webp,fall-decor-ideas,,https://lildutchuncle.com/halloween-garland-ideas/?utm_source=pinterest&utm_campaign=pumpkin-spice-everyt,2025-08-16,Fall vibes meet spooky fun! This pumpkin-themed garland is the perfect way to celebrate the season. It's warm,inviting
Colorful Halloween Garland Ideas,https://res.cloudinary.com/dt5lfrywq/image/upload/v1755351534/pin_3_4_prseu3.webp,halloween-decor-ideas,,https://lildutchuncle.com/halloween-garland-ideas/?utm_source=pinterest&utm_campaign=colorful-halloween-g,2025-08-16,Brighten up your Halloween with a burst of color! This post features vibrant and playful garland ideas that are sure to delight. From rainbow ghosts to polka-dot pumpkins,there's something for everyone.  It's a fun way to add a cheerful touch to your spooky celebrations. Click to discover all the colorful possibilities! #ColorfulHalloween #HalloweenDecor #DIYGarland #BrightHalloween
Free Printable Halloween Garland,https://res.cloudinary.com/dt5lfrywq/image/upload/v1755351542/pin_3_5_q2iuxt.webp,halloween-ideas,,https://lildutchuncle.com/halloween-garland-ideas/?utm_source=pinterest&utm_campaign=free-printable-hallo,2025-08-16,Save time and effort with our free printable Halloween garland! Simply download,print
Scary Silhouette Halloween Garland,https://res.cloudinary.com/dt5lfrywq/image/upload/v1755351549/pin_3_6_ekehgs.webp,halloween-decor-ideas,,https://lildutchuncle.com/halloween-garland-ideas/?utm_source=pinterest&utm_campaign=scary-silhouette-hal,2025-08-16,Create a dramatic effect with this spooky silhouette garland! Featuring classic Halloween images like witches,bats
